split,accuracy,f1_macro,f1_weighted
eval,0.5083724045545881,0.4615078423688992,0.4754635056812469
