model_display,blog,hippocorpus,pan,tweets
DistilBERT_1000k,0.18059695000519227,0.2538769541432616,0.10117820147776943,0.20688833788456154
