{
  "val": {
    "accuracy": 0.37533333333333335,
    "f1_macro": 0.37433059838004545,
    "f1_weighted": 0.3743305983800455
  },
  "test": {
    "accuracy": 0.33666666666666667,
    "f1_macro": 0.33646682682044426,
    "f1_weighted": 0.33646682682044426
  },
  "experiment_dir": "models/tf_idf_xgboost_reddit_10k_20260302_144315",
  "best_model_file": "models/tf_idf_xgboost_reddit_10k_20260302_144315/best_model/model.pkl"
}