split,accuracy,f1_macro,f1_weighted
val,0.37533333333333335,0.37433059838004545,0.3743305983800455
test,0.33666666666666667,0.33646682682044426,0.33646682682044426
