{
  "val": {
    "accuracy": 0.4192020282892981,
    "f1_macro": 0.41667507340893656,
    "f1_weighted": 0.4166623314517049
  },
  "test": {
    "accuracy": 0.4174673071790766,
    "f1_macro": 0.41459984605492306,
    "f1_weighted": 0.4145886879636096
  },
  "experiment_dir": "models/glove_cnn_reddit_100k_20260302_162150",
  "best_checkpoint": "models/glove_cnn_reddit_100k_20260302_162150/best_model/best.pt"
}