{
  "val": {
    "accuracy": 0.42026954897251134,
    "f1_macro": 0.42232720204149726,
    "f1_weighted": 0.42231399158715116
  },
  "test": {
    "accuracy": 0.41293034427542036,
    "f1_macro": 0.41496045126986425,
    "f1_weighted": 0.4149532781767791
  },
  "experiment_dir": "models/glove_bilstm_reddit_100k_20260302_163944",
  "best_checkpoint": "models/glove_bilstm_reddit_100k_20260302_163944/best_model/best.pt"
}