{
  "val": {
    "accuracy": 0.31333333333333335,
    "f1_macro": 0.30581685463272656,
    "f1_weighted": 0.3058168546327265
  },
  "test": {
    "accuracy": 0.26666666666666666,
    "f1_macro": 0.2675663240569991,
    "f1_weighted": 0.26756632405699915
  },
  "experiment_dir": "models/tf_idf_xgboost_reddit_1k_20260302_144255",
  "best_model_file": "models/tf_idf_xgboost_reddit_1k_20260302_144255/best_model/model.pkl"
}