split,accuracy,f1_macro,f1_weighted
val,0.31333333333333335,0.30581685463272656,0.3058168546327265
test,0.26666666666666666,0.2675663240569991,0.26756632405699915
