split,accuracy,f1_macro,f1_weighted
eval,0.49635036496350365,0.45154725585821914,0.4372911761701791
