split,accuracy,f1_macro,f1_weighted
eval,0.395004625346901,0.2348165906798615,0.2892482628596905
