split,accuracy,f1_macro,f1_weighted
val,0.4268081131571924,0.4256490727731519,0.42563495686384106
test,0.4196690685882039,0.41850863238219826,0.4184984590947391
