split,accuracy,f1_macro,f1_weighted
eval,0.5620437956204379,0.5142095767747489,0.5423036175949415
