split,accuracy,f1_macro,f1_weighted
eval,0.4810501799703578,0.38143877588078,0.4455566825696011
