split,accuracy,f1_macro,f1_weighted
eval,0.5168054270736971,0.48665155149245193,0.513196355862802
