{
  "val": {
    "accuracy": 0.9532258064516129,
    "f1_macro": 0.9530575337664405,
    "f1_weighted": 0.9530575337664404
  },
  "test": {
    "accuracy": 0.9504608294930875,
    "f1_macro": 0.9503832908709429,
    "f1_weighted": 0.9503832908709426
  },
  "experiment_dir": "models/glove_cnn_reddit_5k_20260307_124343",
  "best_checkpoint": "models/glove_cnn_reddit_5k_20260307_124343/best_model/best.pt"
}