split,accuracy,f1_macro,f1_weighted
val,0.33866666666666667,0.3413145069240907,0.34131450692409077
test,0.32266666666666666,0.3263937876695314,0.32639378766953137
