split,accuracy,f1_macro,f1_weighted
eval,0.4674994706754182,0.2123791660655028,0.2978614431543279
