split,accuracy,f1_macro,f1_weighted
eval,0.4971477027443725,0.4382008180682237,0.4520735959415534
