split,accuracy,f1_macro,f1_weighted
eval,0.4645352530171501,0.3884563943861347,0.43364583473746976
