split,accuracy,f1_macro,f1_weighted
eval,0.5244474212993971,0.524385395147811,0.5191996324923377
