{
  "val": {
    "accuracy": 0.9730288805792028,
    "f1_macro": 0.9737431771513808,
    "f1_weighted": 0.9729537206975216
  },
  "test": {
    "accuracy": 0.9747812251392204,
    "f1_macro": 0.9754818673069197,
    "f1_weighted": 0.9747182622380146
  },
  "best_model_dir": "models/distilbert_sentiment_60k_20260313_194030/best_model",
  "checkpoints_dir": "models/distilbert_sentiment_60k_20260313_194030/checkpoints",
  "experiment_dir": "models/distilbert_sentiment_60k_20260313_194030"
}