{
  "val": {
    "accuracy": 0.20629800307219662,
    "f1_macro": 0.1628828546321588,
    "f1_weighted": 0.1628828546321588
  },
  "test": {
    "accuracy": 0.19800307219662058,
    "f1_macro": 0.1557400694411795,
    "f1_weighted": 0.15574006944117946
  },
  "best_model_dir": "models/distilbert_reddit_60k_20260307_125447/best_model",
  "checkpoints_dir": "models/distilbert_reddit_60k_20260307_125447/checkpoints",
  "experiment_dir": "models/distilbert_reddit_60k_20260307_125447"
}