{
  "val": {
    "accuracy": 0.32181259600614437,
    "f1_macro": 0.2664439602638274,
    "f1_weighted": 0.2664439602638274
  },
  "test": {
    "accuracy": 0.3188172043010753,
    "f1_macro": 0.26688990972015497,
    "f1_weighted": 0.266889909720155
  },
  "best_model_dir": "models\\roberta_base_sentiment_1k_20260308_211833\\best_model",
  "checkpoints_dir": "models\\roberta_base_sentiment_1k_20260308_211833\\checkpoints",
  "experiment_dir": "models\\roberta_base_sentiment_1k_20260308_211833"
}