split,accuracy,f1_macro,f1_weighted
eval,0.3679463459759482,0.2973971988738055,0.3164686235038553
