split,accuracy,f1_macro,f1_weighted
eval,0.41397445529676935,0.2538769541432616,0.4413472466867646
