split,accuracy,f1_macro,f1_weighted
val,0.45182462237668763,0.45037950763587553,0.4503674669894556
test,0.4514102392728245,0.44963737940103277,0.44962298424294017
