split,accuracy,f1_macro,f1_weighted
val,0.38905937291527687,0.38828035732959265,0.38827020999268924
test,0.380653769179453,0.379931430176677,0.379931430176677
