{
  "val": {
    "accuracy": 0.37266666666666665,
    "f1_macro": 0.37052446692133073,
    "f1_weighted": 0.3705244669213308
  },
  "test": {
    "accuracy": 0.358,
    "f1_macro": 0.3575832841008969,
    "f1_weighted": 0.3575832841008969
  },
  "experiment_dir": "models/tf_idf_svc_reddit_10k_20260302_144305",
  "best_model_file": "models/tf_idf_svc_reddit_10k_20260302_144305/best_model/model.pkl"
}