split,accuracy,f1_macro,f1_weighted
val,0.37266666666666665,0.37052446692133073,0.3705244669213308
test,0.358,0.3575832841008969,0.3575832841008969
