split,accuracy,f1_macro,f1_weighted
eval,0.5271265907568654,0.47172142739311135,0.4884275522833967
