split,accuracy,f1_macro,f1_weighted
eval,0.4795713328868051,0.4515103619410013,0.4602645616354244
