split,accuracy,f1_macro,f1_weighted
val,0.40987324883255505,0.4089841526621397,0.40896872541242135
test,0.40360240160106736,0.40288508762353326,0.4028850876235333
