model,split_key,train_size,f1_macro
Majority Class,reddit_500k,349111,0.06675946857912848
TF-IDF + LogReg,reddit_1k,700,0.3069171830057059
TF-IDF + LogReg,reddit_5k,3499,0.35829028850759304
TF-IDF + LogReg,reddit_10k,7000,0.37855343489584525
TF-IDF + LogReg,reddit_50k,34976,0.4089841526621397
TF-IDF + LogReg,reddit_100k,69940,0.4256490727731519
TF-IDF + LogReg,reddit_500k,349111,0.45037950763587553
TF-IDF + SVC,reddit_1k,700,0.29326815763666503
TF-IDF + SVC,reddit_5k,3499,0.3529729322778106
TF-IDF + SVC,reddit_10k,7000,0.37052446692133073
TF-IDF + SVC,reddit_50k,34976,0.3935100483999684
TF-IDF + SVC,reddit_100k,69940,0.39673245173418487
TF-IDF + SVC,reddit_500k,349111,0.42247023467699646
TF-IDF + XGBoost,reddit_1k,700,0.30581685463272656
TF-IDF + XGBoost,reddit_5k,3499,0.3413145069240907
TF-IDF + XGBoost,reddit_10k,7000,0.37433059838004545
TF-IDF + XGBoost,reddit_50k,34976,0.38828035732959265
TF-IDF + XGBoost,reddit_100k,69940,0.38890243490230464
TF-IDF + XGBoost,reddit_500k,349111,0.39228017694516165
