model,accuracy,f1_macro,f1_weighted
DistilBERT_1000k,0.5370933333333333,0.5350899183439646,0.5350899183439645
RoBERTa_500k,0.5176580671033284,0.5170145939218276,0.5170052860730421
DistilBERT_500k,0.5007619302232322,0.4991819498556428,0.499172504643608
GloVe BiLSTM [reddit_500k],0.4605133003609143,0.4570277834499792,0.45701295278886417
TF-IDF + LogReg [reddit_500k],0.4514102392728245,0.44963737940103277,0.44962298424294017
GloVe CNN [reddit_500k],0.4510760593503542,0.4470052185125269,0.4469913774793675
GloVe MLP [reddit_500k],0.4452479615024729,0.4432644392557304,0.4432439715170801
TF-IDF + SVC [reddit_500k],0.42392728244887046,0.42268373311804625,0.4226647649724512
TF-IDF + LogReg [reddit_100k],0.4196690685882039,0.41850863238219826,0.4184984590947391
GloVe BiLSTM [reddit_100k],0.41293034427542036,0.41496045126986425,0.4149532781767791
