model,accuracy,f1_macro,f1_weighted
DistilBERT_1000k,0.5918066666666667,0.5883555803728207,0.5883555803728207
RoBERTa_500k,0.5176981686940249,0.5170770990752951,0.517067918567647
DistilBERT_500k,0.5014169228712739,0.500556561904604,0.5005451453504786
GloVe BiLSTM [reddit_500k],0.4612351289934501,0.45778980370910427,0.4577753601166803
TF-IDF + LogReg [reddit_500k],0.45182462237668763,0.45037950763587553,0.4503674669894556
GloVe CNN [reddit_500k],0.453629193958027,0.44973193537565576,0.44971932411795446
GloVe MLP [reddit_500k],0.44567571180323484,0.4437818161298262,0.4437576836293604
TF-IDF + LogReg [reddit_100k],0.4268081131571924,0.4256490727731519,0.42563495686384106
TF-IDF + SVC [reddit_500k],0.42339259457291806,0.42247023467699646,0.4224529104980086
GloVe BiLSTM [reddit_100k],0.42026954897251134,0.42232720204149726,0.42231399158715116
