split,accuracy,f1_macro,f1_weighted
eval,0.3347209374036386,0.27111634765941933,0.283481045323367
