split,accuracy,f1_macro,f1_weighted
eval,0.5401459854014599,0.46293883543305214,0.4971632201464049
