split,accuracy,f1_macro,f1_weighted
eval,0.3449430676490288,0.25826912686591147,0.2542807148912145
