{
  "Majority Class [train_pool] | val": {
    "accuracy": 0.5447905798181547,
    "f1_macro": 0.2351087096359192,
    "f1_weighted": 0.3842550307285518
  },
  "Majority Class [train_pool] | test": {
    "accuracy": 0.5447905798181547,
    "f1_macro": 0.2351087096359192,
    "f1_weighted": 0.3842550307285518
  },
  "TF-IDF + LogReg [train_pool] | val": {
    "accuracy": 0.687434789089283,
    "f1_macro": 0.6638297278844316,
    "f1_weighted": 0.690419988715249
  },
  "TF-IDF + LogReg [train_pool] | test": {
    "accuracy": 0.6835593978238188,
    "f1_macro": 0.6607874127954448,
    "f1_weighted": 0.6863970572448843
  },
  "TF-IDF + SVC [train_pool] | val": {
    "accuracy": 0.7033835146817707,
    "f1_macro": 0.6715812296572087,
    "f1_weighted": 0.7031439429213354
  },
  "TF-IDF + SVC [train_pool] | test": {
    "accuracy": 0.7002533909673573,
    "f1_macro": 0.6686789738725382,
    "f1_weighted": 0.699786931830328
  },
  "TF-IDF + XGBoost [train_pool] | val": {
    "accuracy": 0.6838575048442391,
    "f1_macro": 0.5511682982723338,
    "f1_weighted": 0.6471030135091829
  },
  "TF-IDF + XGBoost [train_pool] | test": {
    "accuracy": 0.673870919660158,
    "f1_macro": 0.534220517963146,
    "f1_weighted": 0.6343891751219696
  },
  "LC | Majority Class | train_pool": {
    "f1_macro": 0.2351087096359192
  },
  "LC | TF-IDF + LogReg | train_pool": {
    "f1_macro": 0.6638297278844316
  },
  "LC | TF-IDF + SVC | train_pool": {
    "f1_macro": 0.6715812296572087
  },
  "LC | TF-IDF + XGBoost | train_pool": {
    "f1_macro": 0.5511682982723338
  },
  "GloVe MLP [train_pool] | val": {
    "accuracy": 0.654941123863467,
    "f1_macro": 0.5989057106653234,
    "f1_weighted": 0.6457117995420596
  },
  "GloVe MLP [train_pool] | test": {
    "accuracy": 0.6527053212103145,
    "f1_macro": 0.5964460940300637,
    "f1_weighted": 0.6426749637907794
  },
  "GloVe CNN [train_pool] | val": {
    "accuracy": 0.6744671337009986,
    "f1_macro": 0.6303509816605484,
    "f1_weighted": 0.6712168813094422
  },
  "GloVe CNN [train_pool] | test": {
    "accuracy": 0.6795349530481443,
    "f1_macro": 0.6388266463257223,
    "f1_weighted": 0.6766999349479854
  },
  "GloVe BiLSTM [train_pool] | val": {
    "accuracy": 0.682963183782978,
    "f1_macro": 0.6450992102932628,
    "f1_weighted": 0.6830474215229027
  },
  "GloVe BiLSTM [train_pool] | test": {
    "accuracy": 0.6926516619466389,
    "f1_macro": 0.6551661294897166,
    "f1_weighted": 0.6923209903034657
  },
  "LC | GloVe BiLSTM | train_pool": {
    "f1_macro": 0.6450992102932628
  },
  "LC | GloVe CNN | train_pool": {
    "f1_macro": 0.6303509816605484
  },
  "LC | GloVe MLP | train_pool": {
    "f1_macro": 0.5989057106653234
  },
  "DistilBERT_train_pool | val": {
    "accuracy": 0.7677746310925623,
    "f1_macro": 0.7371779636790571,
    "f1_weighted": 0.7648968334776791
  },
  "DistilBERT_train_pool | test": {
    "accuracy": 0.7746310925622298,
    "f1_macro": 0.7430667400906253,
    "f1_weighted": 0.7720896637566615
  },
  "RoBERTa_train_pool | val": {
    "accuracy": 0.7655388284394098,
    "f1_macro": 0.7330615540945518,
    "f1_weighted": 0.7626462251487529
  },
  "RoBERTa_train_pool | test": {
    "accuracy": 0.7676255775823521,
    "f1_macro": 0.7297663021875974,
    "f1_weighted": 0.7644717465447768
  },
  "DeBERTaV3_train_pool | val": {
    "accuracy": 0.7758235206439111,
    "f1_macro": 0.7472642374252682,
    "f1_weighted": 0.7729281844657435,
    "loss": 0.5425933509103785
  },
  "DeBERTaV3_train_pool | test": {
    "accuracy": 0.7791026978685348,
    "f1_macro": 0.7510812492382728,
    "f1_weighted": 0.7760556709086348,
    "loss": 0.5336738107592773
  },
  "TF-IDF + SVC [one_stop] | eval": {
    "accuracy": 0.368836291913215,
    "f1_macro": 0.29741063512912524,
    "f1_weighted": 0.29022763426286435
  },
  "TF-IDF + LogReg [one_stop] | eval": {
    "accuracy": 0.34516765285996054,
    "f1_macro": 0.25023543842801654,
    "f1_weighted": 0.2428999090654278
  },
  "TF-IDF + XGBoost [one_stop] | eval": {
    "accuracy": 0.368836291913215,
    "f1_macro": 0.24942603422135587,
    "f1_weighted": 0.24660420135004033
  },
  "Majority Class [one_stop] | eval": {
    "accuracy": 0.33530571992110453,
    "f1_macro": 0.16740521910388972,
    "f1_weighted": 0.16839578253053997
  },
  "TF-IDF + SVC [commonlit] | eval": {
    "accuracy": 0.4795680711412238,
    "f1_macro": 0.3954482636556748,
    "f1_weighted": 0.45127183375783686
  },
  "TF-IDF + LogReg [commonlit] | eval": {
    "accuracy": 0.4645352530171501,
    "f1_macro": 0.3884563943861347,
    "f1_weighted": 0.43364583473746976
  },
  "TF-IDF + XGBoost [commonlit] | eval": {
    "accuracy": 0.45543087020961254,
    "f1_macro": 0.2661542900350861,
    "f1_weighted": 0.3312504374443959
  },
  "Majority Class [commonlit] | eval": {
    "accuracy": 0.4674994706754182,
    "f1_macro": 0.2123791660655028,
    "f1_weighted": 0.2978614431543279
  },
  "TF-IDF + SVC [cerf] | eval": {
    "accuracy": 0.5244474212993971,
    "f1_macro": 0.524385395147811,
    "f1_weighted": 0.5191996324923377
  },
  "TF-IDF + LogReg [cerf] | eval": {
    "accuracy": 0.5170797052913597,
    "f1_macro": 0.5045640935786895,
    "f1_weighted": 0.5008440683736028
  },
  "TF-IDF + XGBoost [cerf] | eval": {
    "accuracy": 0.3449430676490288,
    "f1_macro": 0.25826912686591147,
    "f1_weighted": 0.2542807148912145
  },
  "Majority Class [cerf] | eval": {
    "accuracy": 0.32886805090421967,
    "f1_macro": 0.16498655913978494,
    "f1_weighted": 0.16277642438908452
  },
  "TF-IDF + SVC [cambridge] | eval": {
    "accuracy": 0.5620437956204379,
    "f1_macro": 0.5142095767747489,
    "f1_weighted": 0.5423036175949415
  },
  "TF-IDF + LogReg [cambridge] | eval": {
    "accuracy": 0.5145985401459854,
    "f1_macro": 0.4777326606783971,
    "f1_weighted": 0.488383589351167
  },
  "TF-IDF + XGBoost [cambridge] | eval": {
    "accuracy": 0.5401459854014599,
    "f1_macro": 0.46293883543305214,
    "f1_weighted": 0.4971632201464049
  },
  "Majority Class [cambridge] | eval": {
    "accuracy": 0.4233576642335766,
    "f1_macro": 0.19829059829059828,
    "f1_weighted": 0.2518435335953584
  },
  "TF-IDF + SVC [asap_aes] | eval": {
    "accuracy": 0.49899784150477955,
    "f1_macro": 0.4516306720370418,
    "f1_weighted": 0.4829876375121806
  },
  "TF-IDF + LogReg [asap_aes] | eval": {
    "accuracy": 0.5168054270736971,
    "f1_macro": 0.48665155149245193,
    "f1_weighted": 0.513196355862802
  },
  "TF-IDF + XGBoost [asap_aes] | eval": {
    "accuracy": 0.395004625346901,
    "f1_macro": 0.2348165906798615,
    "f1_weighted": 0.2892482628596905
  },
  "Majority Class [asap_aes] | eval": {
    "accuracy": 0.46538698735738515,
    "f1_macro": 0.2117242709593701,
    "f1_weighted": 0.2956011618366599
  },
  "GloVe MLP [one_stop] | eval": {
    "accuracy": 0.33136094674556216,
    "f1_macro": 0.2462181510133028,
    "f1_weighted": 0.24369795576757686
  },
  "GloVe CNN [one_stop] | eval": {
    "accuracy": 0.33925049309664695,
    "f1_macro": 0.25629206410305067,
    "f1_weighted": 0.25265676353040595
  },
  "GloVe BiLSTM [one_stop] | eval": {
    "accuracy": 0.34714003944773175,
    "f1_macro": 0.26832434123074517,
    "f1_weighted": 0.26092763705495803
  },
  "GloVe MLP [commonlit] | eval": {
    "accuracy": 0.4816853694685581,
    "f1_macro": 0.39234385649322623,
    "f1_weighted": 0.4487740554371773
  },
  "GloVe CNN [commonlit] | eval": {
    "accuracy": 0.4810501799703578,
    "f1_macro": 0.38143877588078,
    "f1_weighted": 0.4455566825696011
  },
  "GloVe BiLSTM [commonlit] | eval": {
    "accuracy": 0.4262121532923989,
    "f1_macro": 0.33112328650236905,
    "f1_weighted": 0.3841412546822796
  },
  "GloVe MLP [cerf] | eval": {
    "accuracy": 0.4681848626925653,
    "f1_macro": 0.44571625912059654,
    "f1_weighted": 0.4461165173278259
  },
  "GloVe CNN [cerf] | eval": {
    "accuracy": 0.4755525787006028,
    "f1_macro": 0.46901230562852986,
    "f1_weighted": 0.4713734894353851
  },