{
  "val": {
    "accuracy": 0.8549155145929339,
    "f1_macro": 0.8555121084374109,
    "f1_weighted": 0.8555121084374111
  },
  "test": {
    "accuracy": 0.8533026113671275,
    "f1_macro": 0.8538886943528129,
    "f1_weighted": 0.8538886943528129
  },
  "experiment_dir": "models/glove_mlp_sentiment_5k_20260307_124305",
  "best_checkpoint": "models/glove_mlp_sentiment_5k_20260307_124305/best_model/best.pt"
}