split,accuracy,f1_macro,f1_weighted
eval,0.46438482886216464,0.3767737618501689,0.41316727523076147
