{
  "val": {
    "accuracy": 0.5176981686940249,
    "f1_macro": 0.5170770990752951,
    "f1_weighted": 0.517067918567647
  },
  "test": {
    "accuracy": 0.5176580671033284,
    "f1_macro": 0.5170145939218276,
    "f1_weighted": 0.5170052860730421
  },
  "best_model_dir": "models/roberta_base_reddit_500k_20260304_115835/best_model",
  "checkpoints_dir": "models/roberta_base_reddit_500k_20260304_115835/checkpoints",
  "experiment_dir": "models/roberta_base_reddit_500k_20260304_115835"
}