split,accuracy,f1_macro,f1_weighted
eval,0.3747534516765286,0.3070918734543164,0.31071763282537734
