{
  "val": {
    "accuracy": 0.8915514592933947,
    "f1_macro": 0.8914342301144699,
    "f1_weighted": 0.8914342301144699
  },
  "test": {
    "accuracy": 0.8927803379416283,
    "f1_macro": 0.8926089551085225,
    "f1_weighted": 0.8926089551085228
  },
  "experiment_dir": "models/glove_mlp_sentiment_10k_20260307_122022",
  "best_checkpoint": "models/glove_mlp_sentiment_10k_20260307_122022/best_model/best.pt"
}