split,accuracy,f1_macro,f1_weighted
eval,0.5170797052913597,0.5045640935786895,0.5008440683736028
