split,accuracy,f1_macro,f1_weighted
eval,0.414122725871107,0.355652614304878,0.37092120365396425
