split,accuracy,f1_macro,f1_weighted
eval,0.34714003944773175,0.2905148538473614,0.29330911447382196
