{
  "val": {
    "accuracy": 0.974301853767205,
    "f1_macro": 0.9749731646471039,
    "f1_weighted": 0.9742149696906527
  },
  "test": {
    "accuracy": 0.97557677008751,
    "f1_macro": 0.9762078973837488,
    "f1_weighted": 0.9755081664249712
  },
  "best_model_dir": "models/distilbert_sentiment_60k_20260308_134122/best_model",
  "checkpoints_dir": "models/distilbert_sentiment_60k_20260308_134122/checkpoints",
  "experiment_dir": "models/distilbert_sentiment_60k_20260308_134122"
}