split,accuracy,f1_macro,f1_weighted
eval,0.33530571992110453,0.16740521910388972,0.16839578253053997
