split,accuracy,f1_macro,f1_weighted
val,0.356,0.35829028850759304,0.3582902885075929
test,0.32666666666666666,0.32802342205208807,0.32802342205208807
