split,accuracy,f1_macro,f1_weighted
eval,0.4854014598540146,0.4478847164359532,0.4339366071330684
