split,accuracy,f1_macro,f1_weighted
eval,0.34714003944773175,0.26832434123074517,0.26092763705495803
