{
  "val": {
    "accuracy": 0.38,
    "f1_macro": 0.37855343489584525,
    "f1_weighted": 0.37855343489584525
  },
  "test": {
    "accuracy": 0.37533333333333335,
    "f1_macro": 0.3760524418540277,
    "f1_weighted": 0.37605244185402775
  },
  "experiment_dir": "models/tf_idf_logreg_reddit_10k_20260302_144304",
  "best_model_file": "models/tf_idf_logreg_reddit_10k_20260302_144304/best_model/model.pkl"
}