split,accuracy,f1_macro,f1_weighted
val,0.38,0.37855343489584525,0.37855343489584525
test,0.37533333333333335,0.3760524418540277,0.37605244185402775
