split,accuracy,f1_macro,f1_weighted
eval,0.4795680711412238,0.3954482636556748,0.45127183375783686
