split,accuracy,f1_macro,f1_weighted
eval,0.4755525787006028,0.46901230562852986,0.4713734894353851
