split,accuracy,f1_macro,f1_weighted
eval,0.4262121532923989,0.33112328650236905,0.3841412546822796
