split,accuracy,f1_macro,f1_weighted
val,0.38904456898852413,0.38890243490230464,0.38889046051204557
test,0.3900453696290366,0.3885665290966353,0.38855688991666265
