split,accuracy,f1_macro,f1_weighted
eval,0.5437956204379562,0.5316323731138546,0.5240329218106996
