family,dataset,model,accuracy,f1_macro,f1_weighted
transformer,hippocorpus,DistilBERT_1000k [hippocorpus],0.41397445529676935,0.2538769541432616,0.4413472466867646
transformer,tweets,DistilBERT_1000k [tweets],0.2257984515969032,0.20688833788456154,0.2048559974287559
transformer,blog,DistilBERT_1000k [blog],0.23894587279313767,0.18059695000519227,0.3163802279691726
transformer,pan,DistilBERT_1000k [pan13+14+15],0.12356251207874497,0.10117820147776943,0.15261898918912756
