split,accuracy,f1_macro,f1_weighted
eval,0.5218978102189781,0.44976660052569684,0.4690033480083393
