split,accuracy,f1_macro,f1_weighted
eval,0.46538698735738515,0.2117242709593701,0.2956011618366599
