split,accuracy,f1_macro,f1_weighted
eval,0.4816853694685581,0.39234385649322623,0.4487740554371773
