split,accuracy,f1_macro,f1_weighted
val,0.3941294196130754,0.3935100483999684,0.3934940517220454
test,0.3874583055370247,0.3866401167601713,0.38664011676017135
