split,accuracy,f1_macro,f1_weighted
eval,0.4681848626925653,0.44571625912059654,0.4461165173278259
