split,accuracy,f1_macro,f1_weighted
eval,0.33925049309664695,0.25629206410305067,0.25265676353040595
