{
  "val": {
    "accuracy": 0.35333333333333333,
    "f1_macro": 0.3529729322778106,
    "f1_weighted": 0.35297293227781057
  },
  "test": {
    "accuracy": 0.328,
    "f1_macro": 0.32841452834332646,
    "f1_weighted": 0.32841452834332646
  },
  "experiment_dir": "models/tf_idf_svc_reddit_5k_20260302_144256",
  "best_model_file": "models/tf_idf_svc_reddit_5k_20260302_144256/best_model/model.pkl"
}