split,accuracy,f1_macro,f1_weighted
val,0.35333333333333333,0.3529729322778106,0.35297293227781057
test,0.328,0.32841452834332646,0.32841452834332646
