split,accuracy,f1_macro,f1_weighted
val,0.20033417992247027,0.06675946857912848,0.06687101694929813
test,0.20033417992247027,0.06675946857912848,0.06687101694929813
