split,accuracy,f1_macro,f1_weighted
eval,0.4224010163031971,0.4199228520850251,0.43422979327688394
