split,accuracy,f1_macro,f1_weighted
val,0.29333333333333333,0.29326815763666503,0.29326815763666503
test,0.29333333333333333,0.29115359658880235,0.29115359658880235
