split,accuracy,f1_macro,f1_weighted
eval,0.5145985401459854,0.4777326606783971,0.488383589351167
