split,accuracy,f1_macro,f1_weighted
eval,0.23894587279313767,0.18059695000519227,0.3163802279691726
