family,accuracy,f1_macro,f1_weighted
deep,0.4585281384203475,0.3970871552109799,0.4139825785731939
transformer,0.42579989995904965,0.37466172512355916,0.38589930417337204
classical,0.44584293667395636,0.3358557686051252,0.36299926476041733
