family,accuracy,f1_macro,f1_weighted
deep,0.4585281384203475,0.3970871552109799,0.4139825785731939
transformer,0.41389446331349006,0.35532365173038505,0.37274542458265836
classical,0.44584293667395636,0.3358557686051252,0.36299926476041733
