{
  "val": {
    "accuracy": 0.44567571180323484,
    "f1_macro": 0.4437818161298262,
    "f1_weighted": 0.4437576836293604
  },
  "test": {
    "accuracy": 0.4452479615024729,
    "f1_macro": 0.4432644392557304,
    "f1_weighted": 0.4432439715170801
  },
  "experiment_dir": "models/glove_mlp_reddit_500k_20260302_161334",
  "best_checkpoint": "models/glove_mlp_reddit_500k_20260302_161334/best_model/best.pt"
}