split,accuracy,f1_macro,f1_weighted
val,0.30666666666666664,0.3069171830057059,0.3069171830057059
test,0.29333333333333333,0.2892874867068415,0.2892874867068415
