{
  "val": {
    "accuracy": 0.682963183782978,
    "f1_macro": 0.6450992102932628,
    "f1_weighted": 0.6830474215229027
  },
  "test": {
    "accuracy": 0.6926516619466389,
    "f1_macro": 0.6551661294897166,
    "f1_weighted": 0.6923209903034657
  },
  "experiment_dir": "models/glove_bilstm_complexity_train_pool_20260307_163358",
  "best_checkpoint": "models/glove_bilstm_complexity_train_pool_20260307_163358/best_model/best.pt"
}