{
  "val": {
    "accuracy": 0.6974213742733641,
    "f1_macro": 0.6604838634526389,
    "f1_weighted": 0.6970116349425861
  },
  "test": {
    "accuracy": 0.7051721568042928,
    "f1_macro": 0.6682730667749199,
    "f1_weighted": 0.7045812827307438
  },
  "experiment_dir": "models/glove_bilstm_complexity_train_pool_20260307_163358",
  "best_checkpoint": "models/glove_bilstm_complexity_train_pool_20260307_163358/best_model/best.pt"
}