{
  "val": {
    "accuracy": 0.5918066666666667,
    "f1_macro": 0.5883555803728207,
    "f1_weighted": 0.5883555803728207
  },
  "test": {
    "accuracy": 0.5370933333333333,
    "f1_macro": 0.5350899183439646,
    "f1_weighted": 0.5350899183439645
  },
  "best_model_dir": "models/distilbert_reddit_1000k_20260223_233842/best_model",
  "checkpoints_dir": "models/distilbert_reddit_1000k_20260223_233842/checkpoints",
  "experiment_dir": "models/distilbert_reddit_1000k_20260223_233842"
}