{
  "val": {
    "accuracy": 0.9133640552995391,
    "f1_macro": 0.9129823436395961,
    "f1_weighted": 0.9129823436395961
  },
  "test": {
    "accuracy": 0.9146697388632873,
    "f1_macro": 0.9143407691016217,
    "f1_weighted": 0.9143407691016215
  },
  "experiment_dir": "models/glove_mlp_reddit_30k_20260307_122041",
  "best_checkpoint": "models/glove_mlp_reddit_30k_20260307_122041/best_model/best.pt"
}