split,accuracy,f1_macro,f1_weighted
eval,0.34516765285996054,0.25023543842801654,0.2428999090654278
