split,accuracy,f1_macro,f1_weighted
eval,0.3708086785009862,0.27417915976805546,0.27462086771678995
