split,accuracy,f1_macro,f1_weighted
eval,0.33136094674556216,0.2462181510133028,0.24369795576757686
