split,accuracy,f1_macro,f1_weighted
eval,0.45543087020961254,0.2661542900350861,0.3312504374443959
