{
  "val": {
    "accuracy": 0.22364238587493657,
    "f1_macro": 0.20484570705579452,
    "f1_weighted": 0.2029544270823077
  },
  "test": {
    "accuracy": 0.2245639340759142,
    "f1_macro": 0.2061055657318091,
    "f1_weighted": 0.2040247845974347
  },
  "best_model_dir": "models/distilbert_reddit_1000k_20260223_233842/best_model",
  "dataset": "twitter_500k",
  "evaluation_dir": "outputs/cross_dataset_eval/tweets"
}