split,accuracy,f1_macro,f1_weighted
eval,0.2257984515969032,0.20688833788456154,0.2048559974287559
