split,accuracy,f1_macro,f1_weighted
eval,0.4854014598540146,0.4437040809589829,0.4531938927602302
