split,accuracy,f1_macro,f1_weighted
eval,0.4233576642335766,0.19829059829059828,0.2518435335953584
