{
  "val": {
    "accuracy": 0.5014169228712739,
    "f1_macro": 0.500556561904604,
    "f1_weighted": 0.5005451453504786
  },
  "test": {
    "accuracy": 0.5007619302232322,
    "f1_macro": 0.4991819498556428,
    "f1_weighted": 0.499172504643608
  },
  "best_model_dir": "models/distilbert_reddit_500k_20260303_022503/best_model",
  "checkpoints_dir": "models/distilbert_reddit_500k_20260303_022503/checkpoints",
  "experiment_dir": "models/distilbert_reddit_500k_20260303_022503"
}