{
  "val": {
    "accuracy": 0.453629193958027,
    "f1_macro": 0.44973193537565576,
    "f1_weighted": 0.44971932411795446
  },
  "test": {
    "accuracy": 0.4510760593503542,
    "f1_macro": 0.4470052185125269,
    "f1_weighted": 0.4469913774793675
  },
  "experiment_dir": "models/glove_cnn_reddit_500k_20260302_162707",
  "best_checkpoint": "models/glove_cnn_reddit_500k_20260302_162707/best_model/best.pt"
}