split,accuracy,f1_macro,f1_weighted
eval,0.5934360348292029,0.6026179931249024,0.6005301829938762
