split,accuracy,f1_macro,f1_weighted
eval,0.32886805090421967,0.16498655913978494,0.16277642438908452
