split,accuracy,f1_macro,f1_weighted
eval,0.4927007299270073,0.41119412720437376,0.4267657951535049
