split,accuracy,f1_macro,f1_weighted
eval,0.3730679652763074,0.34084437291880687,0.3664941958780719
