split,accuracy,f1_macro,f1_weighted
eval,0.4533135718822782,0.42460325022535156,0.4514373890160922
