{
  "val": {
    "accuracy": 0.9552227342549923,
    "f1_macro": 0.9550450918158652,
    "f1_weighted": 0.955045091815865
  },
  "test": {
    "accuracy": 0.956605222734255,
    "f1_macro": 0.9564694634066692,
    "f1_weighted": 0.9564694634066693
  },
  "experiment_dir": "models/glove_cnn_sentiment_10k_20260307_122200",
  "best_checkpoint": "models/glove_cnn_sentiment_10k_20260307_122200/best_model/best.pt"
}