split,accuracy,f1_macro,f1_weighted
eval,0.360622880049337,0.26638028306507877,0.3091536049227754
