split,accuracy,f1_macro,f1_weighted
eval,0.368836291913215,0.24942603422135587,0.24660420135004033
