{
  "val": {
    "accuracy": 0.9745405362399554,
    "f1_macro": 0.9752626534454004,
    "f1_weighted": 0.9744895058739933
  },
  "test": {
    "accuracy": 0.9758154335719968,
    "f1_macro": 0.9765425283786885,
    "f1_weighted": 0.9757788773062841
  },
  "best_model_dir": "models/roberta_base_sentiment_60k_20260308_223331/best_model",
  "checkpoints_dir": "models/roberta_base_sentiment_60k_20260308_223331/checkpoints",
  "experiment_dir": "models/roberta_base_sentiment_60k_20260308_223331"
}