split,accuracy,f1_macro,f1_weighted
eval,0.368836291913215,0.29741063512912524,0.29022763426286435
