split,accuracy,f1_macro,f1_weighted
eval,0.49899784150477955,0.4516306720370418,0.4829876375121806
