split,accuracy,f1_macro,f1_weighted
eval,0.12356251207874497,0.10117820147776943,0.15261898918912756
