split,accuracy,f1_macro,f1_weighted
val,0.39731785428342675,0.39673245173418487,0.3967154175779158
test,0.3989191353082466,0.3983694263816543,0.3983583345540505
